--
-- PostgreSQL database dump
--

-- Dumped from database version 17.4
-- Dumped by pg_dump version 17.4

SET statement_timeout = 0;
SET lock_timeout = 0;
SET idle_in_transaction_session_timeout = 0;
SET transaction_timeout = 0;
SET client_encoding = 'UTF8';
SET standard_conforming_strings = on;
SELECT pg_catalog.set_config('search_path', '', false);
SET check_function_bodies = false;
SET xmloption = content;
SET client_min_messages = warning;
SET row_security = off;

SET default_tablespace = '';

SET default_table_access_method = heap;

--
-- Name: auth_group; Type: TABLE; Schema: public; Owner: postgres
--

CREATE TABLE public.auth_group (
    id integer NOT NULL,
    name character varying(150) NOT NULL
);


ALTER TABLE public.auth_group OWNER TO postgres;

--
-- Name: auth_group_id_seq; Type: SEQUENCE; Schema: public; Owner: postgres
--

ALTER TABLE public.auth_group ALTER COLUMN id ADD GENERATED BY DEFAULT AS IDENTITY (
    SEQUENCE NAME public.auth_group_id_seq
    START WITH 1
    INCREMENT BY 1
    NO MINVALUE
    NO MAXVALUE
    CACHE 1
);


--
-- Name: auth_group_permissions; Type: TABLE; Schema: public; Owner: postgres
--

CREATE TABLE public.auth_group_permissions (
    id bigint NOT NULL,
    group_id integer NOT NULL,
    permission_id integer NOT NULL
);


ALTER TABLE public.auth_group_permissions OWNER TO postgres;

--
-- Name: auth_group_permissions_id_seq; Type: SEQUENCE; Schema: public; Owner: postgres
--

ALTER TABLE public.auth_group_permissions ALTER COLUMN id ADD GENERATED BY DEFAULT AS IDENTITY (
    SEQUENCE NAME public.auth_group_permissions_id_seq
    START WITH 1
    INCREMENT BY 1
    NO MINVALUE
    NO MAXVALUE
    CACHE 1
);


--
-- Name: auth_permission; Type: TABLE; Schema: public; Owner: postgres
--

CREATE TABLE public.auth_permission (
    id integer NOT NULL,
    name character varying(255) NOT NULL,
    content_type_id integer NOT NULL,
    codename character varying(100) NOT NULL
);


ALTER TABLE public.auth_permission OWNER TO postgres;

--
-- Name: auth_permission_id_seq; Type: SEQUENCE; Schema: public; Owner: postgres
--

ALTER TABLE public.auth_permission ALTER COLUMN id ADD GENERATED BY DEFAULT AS IDENTITY (
    SEQUENCE NAME public.auth_permission_id_seq
    START WITH 1
    INCREMENT BY 1
    NO MINVALUE
    NO MAXVALUE
    CACHE 1
);


--
-- Name: auth_user; Type: TABLE; Schema: public; Owner: postgres
--

CREATE TABLE public.auth_user (
    id integer NOT NULL,
    password character varying(128) NOT NULL,
    last_login timestamp with time zone,
    is_superuser boolean NOT NULL,
    username character varying(150) NOT NULL,
    first_name character varying(150) NOT NULL,
    last_name character varying(150) NOT NULL,
    email character varying(254) NOT NULL,
    is_staff boolean NOT NULL,
    is_active boolean NOT NULL,
    date_joined timestamp with time zone NOT NULL
);


ALTER TABLE public.auth_user OWNER TO postgres;

--
-- Name: auth_user_groups; Type: TABLE; Schema: public; Owner: postgres
--

CREATE TABLE public.auth_user_groups (
    id bigint NOT NULL,
    user_id integer NOT NULL,
    group_id integer NOT NULL
);


ALTER TABLE public.auth_user_groups OWNER TO postgres;

--
-- Name: auth_user_groups_id_seq; Type: SEQUENCE; Schema: public; Owner: postgres
--

ALTER TABLE public.auth_user_groups ALTER COLUMN id ADD GENERATED BY DEFAULT AS IDENTITY (
    SEQUENCE NAME public.auth_user_groups_id_seq
    START WITH 1
    INCREMENT BY 1
    NO MINVALUE
    NO MAXVALUE
    CACHE 1
);


--
-- Name: auth_user_id_seq; Type: SEQUENCE; Schema: public; Owner: postgres
--

ALTER TABLE public.auth_user ALTER COLUMN id ADD GENERATED BY DEFAULT AS IDENTITY (
    SEQUENCE NAME public.auth_user_id_seq
    START WITH 1
    INCREMENT BY 1
    NO MINVALUE
    NO MAXVALUE
    CACHE 1
);


--
-- Name: auth_user_user_permissions; Type: TABLE; Schema: public; Owner: postgres
--

CREATE TABLE public.auth_user_user_permissions (
    id bigint NOT NULL,
    user_id integer NOT NULL,
    permission_id integer NOT NULL
);


ALTER TABLE public.auth_user_user_permissions OWNER TO postgres;

--
-- Name: auth_user_user_permissions_id_seq; Type: SEQUENCE; Schema: public; Owner: postgres
--

ALTER TABLE public.auth_user_user_permissions ALTER COLUMN id ADD GENERATED BY DEFAULT AS IDENTITY (
    SEQUENCE NAME public.auth_user_user_permissions_id_seq
    START WITH 1
    INCREMENT BY 1
    NO MINVALUE
    NO MAXVALUE
    CACHE 1
);


--
-- Name: django_admin_log; Type: TABLE; Schema: public; Owner: postgres
--

CREATE TABLE public.django_admin_log (
    id integer NOT NULL,
    action_time timestamp with time zone NOT NULL,
    object_id text,
    object_repr character varying(200) NOT NULL,
    action_flag smallint NOT NULL,
    change_message text NOT NULL,
    content_type_id integer,
    user_id integer NOT NULL,
    CONSTRAINT django_admin_log_action_flag_check CHECK ((action_flag >= 0))
);


ALTER TABLE public.django_admin_log OWNER TO postgres;

--
-- Name: django_admin_log_id_seq; Type: SEQUENCE; Schema: public; Owner: postgres
--

ALTER TABLE public.django_admin_log ALTER COLUMN id ADD GENERATED BY DEFAULT AS IDENTITY (
    SEQUENCE NAME public.django_admin_log_id_seq
    START WITH 1
    INCREMENT BY 1
    NO MINVALUE
    NO MAXVALUE
    CACHE 1
);


--
-- Name: django_content_type; Type: TABLE; Schema: public; Owner: postgres
--

CREATE TABLE public.django_content_type (
    id integer NOT NULL,
    app_label character varying(100) NOT NULL,
    model character varying(100) NOT NULL
);


ALTER TABLE public.django_content_type OWNER TO postgres;

--
-- Name: django_content_type_id_seq; Type: SEQUENCE; Schema: public; Owner: postgres
--

ALTER TABLE public.django_content_type ALTER COLUMN id ADD GENERATED BY DEFAULT AS IDENTITY (
    SEQUENCE NAME public.django_content_type_id_seq
    START WITH 1
    INCREMENT BY 1
    NO MINVALUE
    NO MAXVALUE
    CACHE 1
);


--
-- Name: django_migrations; Type: TABLE; Schema: public; Owner: postgres
--

CREATE TABLE public.django_migrations (
    id bigint NOT NULL,
    app character varying(255) NOT NULL,
    name character varying(255) NOT NULL,
    applied timestamp with time zone NOT NULL
);


ALTER TABLE public.django_migrations OWNER TO postgres;

--
-- Name: django_migrations_id_seq; Type: SEQUENCE; Schema: public; Owner: postgres
--

ALTER TABLE public.django_migrations ALTER COLUMN id ADD GENERATED BY DEFAULT AS IDENTITY (
    SEQUENCE NAME public.django_migrations_id_seq
    START WITH 1
    INCREMENT BY 1
    NO MINVALUE
    NO MAXVALUE
    CACHE 1
);


--
-- Name: django_session; Type: TABLE; Schema: public; Owner: postgres
--

CREATE TABLE public.django_session (
    session_key character varying(40) NOT NULL,
    session_data text NOT NULL,
    expire_date timestamp with time zone NOT NULL
);


ALTER TABLE public.django_session OWNER TO postgres;

--
-- Name: inventory_app_auditlog; Type: TABLE; Schema: public; Owner: postgres
--

CREATE TABLE public.inventory_app_auditlog (
    id bigint NOT NULL,
    action character varying(20) NOT NULL,
    product_number character varying(50) NOT NULL,
    quantity_before integer,
    quantity_after integer,
    quantity_change integer NOT NULL,
    notes text NOT NULL,
    "user" character varying(100) NOT NULL,
    created_at timestamp with time zone NOT NULL,
    product_id bigint,
    product_snapshot jsonb
);


ALTER TABLE public.inventory_app_auditlog OWNER TO postgres;

--
-- Name: inventory_app_auditlog_id_seq; Type: SEQUENCE; Schema: public; Owner: postgres
--

ALTER TABLE public.inventory_app_auditlog ALTER COLUMN id ADD GENERATED BY DEFAULT AS IDENTITY (
    SEQUENCE NAME public.inventory_app_auditlog_id_seq
    START WITH 1
    INCREMENT BY 1
    NO MINVALUE
    NO MAXVALUE
    CACHE 1
);


--
-- Name: inventory_app_container; Type: TABLE; Schema: public; Owner: postgres
--

CREATE TABLE public.inventory_app_container (
    id bigint NOT NULL,
    name character varying(100) NOT NULL,
    description text,
    color character varying(7) NOT NULL,
    created_at timestamp with time zone NOT NULL
);


ALTER TABLE public.inventory_app_container OWNER TO postgres;

--
-- Name: inventory_app_container_id_seq; Type: SEQUENCE; Schema: public; Owner: postgres
--

ALTER TABLE public.inventory_app_container ALTER COLUMN id ADD GENERATED BY DEFAULT AS IDENTITY (
    SEQUENCE NAME public.inventory_app_container_id_seq
    START WITH 1
    INCREMENT BY 1
    NO MINVALUE
    NO MAXVALUE
    CACHE 1
);


--
-- Name: inventory_app_location; Type: TABLE; Schema: public; Owner: postgres
--

CREATE TABLE public.inventory_app_location (
    id bigint NOT NULL,
    "row" integer NOT NULL,
    "column" integer NOT NULL,
    notes text,
    is_active boolean NOT NULL,
    warehouse_id bigint NOT NULL
);


ALTER TABLE public.inventory_app_location OWNER TO postgres;

--
-- Name: inventory_app_location_id_seq; Type: SEQUENCE; Schema: public; Owner: postgres
--

ALTER TABLE public.inventory_app_location ALTER COLUMN id ADD GENERATED BY DEFAULT AS IDENTITY (
    SEQUENCE NAME public.inventory_app_location_id_seq
    START WITH 1
    INCREMENT BY 1
    NO MINVALUE
    NO MAXVALUE
    CACHE 1
);


--
-- Name: inventory_app_order; Type: TABLE; Schema: public; Owner: postgres
--

CREATE TABLE public.inventory_app_order (
    id bigint NOT NULL,
    order_number character varying(50) NOT NULL,
    products_data jsonb NOT NULL,
    total_products integer NOT NULL,
    total_quantities integer NOT NULL,
    notes text,
    "user" character varying(100) NOT NULL,
    created_at timestamp with time zone NOT NULL,
    recipient_name character varying(200)
);


ALTER TABLE public.inventory_app_order OWNER TO postgres;

--
-- Name: inventory_app_order_id_seq; Type: SEQUENCE; Schema: public; Owner: postgres
--

ALTER TABLE public.inventory_app_order ALTER COLUMN id ADD GENERATED BY DEFAULT AS IDENTITY (
    SEQUENCE NAME public.inventory_app_order_id_seq
    START WITH 1
    INCREMENT BY 1
    NO MINVALUE
    NO MAXVALUE
    CACHE 1
);


--
-- Name: inventory_app_product; Type: TABLE; Schema: public; Owner: postgres
--

CREATE TABLE public.inventory_app_product (
    id bigint NOT NULL,
    product_number character varying(100) NOT NULL,
    name character varying(200) NOT NULL,
    category character varying(100),
    description text,
    quantity integer NOT NULL,
    created_at timestamp with time zone NOT NULL,
    updated_at timestamp with time zone NOT NULL,
    location_id bigint,
    image character varying(100),
    container_id bigint,
    barcode character varying(100),
    image_url character varying(500),
    min_stock_threshold integer DEFAULT 0 NOT NULL,
    price numeric(10,2),
    store_quantity integer DEFAULT 0 NOT NULL,
    warehouse_quantity integer DEFAULT 0 NOT NULL,
    colors jsonb NOT NULL
);


ALTER TABLE public.inventory_app_product OWNER TO postgres;

--
-- Name: inventory_app_product_id_seq; Type: SEQUENCE; Schema: public; Owner: postgres
--

ALTER TABLE public.inventory_app_product ALTER COLUMN id ADD GENERATED BY DEFAULT AS IDENTITY (
    SEQUENCE NAME public.inventory_app_product_id_seq
    START WITH 1
    INCREMENT BY 1
    NO MINVALUE
    NO MAXVALUE
    CACHE 1
);


--
-- Name: inventory_app_productreturn; Type: TABLE; Schema: public; Owner: postgres
--

CREATE TABLE public.inventory_app_productreturn (
    id bigint NOT NULL,
    return_number character varying(50) NOT NULL,
    products_data jsonb NOT NULL,
    total_products integer NOT NULL,
    total_quantities integer NOT NULL,
    return_reason character varying(200),
    returned_by character varying(200),
    notes text,
    "user" character varying(100) NOT NULL,
    created_at timestamp with time zone NOT NULL
);


ALTER TABLE public.inventory_app_productreturn OWNER TO postgres;

--
-- Name: inventory_app_productreturn_id_seq; Type: SEQUENCE; Schema: public; Owner: postgres
--

ALTER TABLE public.inventory_app_productreturn ALTER COLUMN id ADD GENERATED BY DEFAULT AS IDENTITY (
    SEQUENCE NAME public.inventory_app_productreturn_id_seq
    START WITH 1
    INCREMENT BY 1
    NO MINVALUE
    NO MAXVALUE
    CACHE 1
);


--
-- Name: inventory_app_securebackup; Type: TABLE; Schema: public; Owner: postgres
--

CREATE TABLE public.inventory_app_securebackup (
    id bigint NOT NULL,
    table_name character varying(100) NOT NULL,
    record_id integer NOT NULL,
    backup_data jsonb NOT NULL,
    action character varying(20) NOT NULL,
    "timestamp" timestamp with time zone NOT NULL,
    hash_signature character varying(64)
);


ALTER TABLE public.inventory_app_securebackup OWNER TO postgres;

--
-- Name: inventory_app_securebackup_id_seq; Type: SEQUENCE; Schema: public; Owner: postgres
--

ALTER TABLE public.inventory_app_securebackup ALTER COLUMN id ADD GENERATED BY DEFAULT AS IDENTITY (
    SEQUENCE NAME public.inventory_app_securebackup_id_seq
    START WITH 1
    INCREMENT BY 1
    NO MINVALUE
    NO MAXVALUE
    CACHE 1
);


--
-- Name: inventory_app_useractivitylog; Type: TABLE; Schema: public; Owner: postgres
--

CREATE TABLE public.inventory_app_useractivitylog (
    id bigint NOT NULL,
    action character varying(50) NOT NULL,
    description character varying(500) NOT NULL,
    object_type character varying(100),
    object_id integer,
    object_name character varying(200),
    details jsonb NOT NULL,
    ip_address inet,
    user_agent text,
    location character varying(100),
    url character varying(500),
    created_at timestamp with time zone NOT NULL,
    user_id integer NOT NULL
);


ALTER TABLE public.inventory_app_useractivitylog OWNER TO postgres;

--
-- Name: inventory_app_useractivitylog_id_seq; Type: SEQUENCE; Schema: public; Owner: postgres
--

ALTER TABLE public.inventory_app_useractivitylog ALTER COLUMN id ADD GENERATED BY DEFAULT AS IDENTITY (
    SEQUENCE NAME public.inventory_app_useractivitylog_id_seq
    START WITH 1
    INCREMENT BY 1
    NO MINVALUE
    NO MAXVALUE
    CACHE 1
);


--
-- Name: inventory_app_userprofile; Type: TABLE; Schema: public; Owner: postgres
--

CREATE TABLE public.inventory_app_userprofile (
    id bigint NOT NULL,
    user_type character varying(10) NOT NULL,
    phone character varying(20),
    notes text,
    is_active boolean NOT NULL,
    created_at timestamp with time zone NOT NULL,
    last_activity timestamp with time zone,
    last_login_ip inet,
    user_id integer NOT NULL
);


ALTER TABLE public.inventory_app_userprofile OWNER TO postgres;

--
-- Name: inventory_app_userprofile_id_seq; Type: SEQUENCE; Schema: public; Owner: postgres
--

ALTER TABLE public.inventory_app_userprofile ALTER COLUMN id ADD GENERATED BY DEFAULT AS IDENTITY (
    SEQUENCE NAME public.inventory_app_userprofile_id_seq
    START WITH 1
    INCREMENT BY 1
    NO MINVALUE
    NO MAXVALUE
    CACHE 1
);


--
-- Name: inventory_app_warehouse; Type: TABLE; Schema: public; Owner: postgres
--

CREATE TABLE public.inventory_app_warehouse (
    id bigint NOT NULL,
    name character varying(200) NOT NULL,
    description text,
    rows_count integer NOT NULL,
    columns_count integer NOT NULL,
    created_at timestamp with time zone NOT NULL
);


ALTER TABLE public.inventory_app_warehouse OWNER TO postgres;

--
-- Name: inventory_app_warehouse_id_seq; Type: SEQUENCE; Schema: public; Owner: postgres
--

ALTER TABLE public.inventory_app_warehouse ALTER COLUMN id ADD GENERATED BY DEFAULT AS IDENTITY (
    SEQUENCE NAME public.inventory_app_warehouse_id_seq
    START WITH 1
    INCREMENT BY 1
    NO MINVALUE
    NO MAXVALUE
    CACHE 1
);


--
-- Data for Name: auth_group; Type: TABLE DATA; Schema: public; Owner: postgres
--

COPY public.auth_group (id, name) FROM stdin;
\.


--
-- Data for Name: auth_group_permissions; Type: TABLE DATA; Schema: public; Owner: postgres
--

COPY public.auth_group_permissions (id, group_id, permission_id) FROM stdin;
\.


--
-- Data for Name: auth_permission; Type: TABLE DATA; Schema: public; Owner: postgres
--

COPY public.auth_permission (id, name, content_type_id, codename) FROM stdin;
1	Can add log entry	1	add_logentry
2	Can change log entry	1	change_logentry
3	Can delete log entry	1	delete_logentry
4	Can view log entry	1	view_logentry
5	Can add permission	2	add_permission
6	Can change permission	2	change_permission
7	Can delete permission	2	delete_permission
8	Can view permission	2	view_permission
9	Can add group	3	add_group
10	Can change group	3	change_group
11	Can delete group	3	delete_group
12	Can view group	3	view_group
13	Can add user	4	add_user
14	Can change user	4	change_user
15	Can delete user	4	delete_user
16	Can view user	4	view_user
17	Can add content type	5	add_contenttype
18	Can change content type	5	change_contenttype
19	Can delete content type	5	delete_contenttype
20	Can view content type	5	view_contenttype
21	Can add session	6	add_session
22	Can change session	6	change_session
23	Can delete session	6	delete_session
24	Can view session	6	view_session
25	Can add warehouse	7	add_warehouse
26	Can change warehouse	7	change_warehouse
27	Can delete warehouse	7	delete_warehouse
28	Can view warehouse	7	view_warehouse
29	Can add location	8	add_location
30	Can change location	8	change_location
31	Can delete location	8	delete_location
32	Can view location	8	view_location
33	Can add container	9	add_container
34	Can change container	9	change_container
35	Can delete container	9	delete_container
36	Can view container	9	view_container
37	Can add product	10	add_product
38	Can change product	10	change_product
39	Can delete product	10	delete_product
40	Can view product	10	view_product
41	Can add order	11	add_order
42	Can change order	11	change_order
43	Can delete order	11	delete_order
44	Can view order	11	view_order
45	Can add product return	12	add_productreturn
46	Can change product return	12	change_productreturn
47	Can delete product return	12	delete_productreturn
48	Can view product return	12	view_productreturn
49	Can add audit log	13	add_auditlog
50	Can change audit log	13	change_auditlog
51	Can delete audit log	13	delete_auditlog
52	Can view audit log	13	view_auditlog
53	Can add user profile	14	add_userprofile
54	Can change user profile	14	change_userprofile
55	Can delete user profile	14	delete_userprofile
56	Can view user profile	14	view_userprofile
57	Can add secure backup	15	add_securebackup
58	Can change secure backup	15	change_securebackup
59	Can delete secure backup	15	delete_securebackup
60	Can view secure backup	15	view_securebackup
61	Can add user activity log	16	add_useractivitylog
62	Can change user activity log	16	change_useractivitylog
63	Can delete user activity log	16	delete_useractivitylog
64	Can view user activity log	16	view_useractivitylog
\.


--
-- Data for Name: auth_user; Type: TABLE DATA; Schema: public; Owner: postgres
--

COPY public.auth_user (id, password, last_login, is_superuser, username, first_name, last_name, email, is_staff, is_active, date_joined) FROM stdin;
1	pbkdf2_sha256$600000$XHi62Qq6usiDdgSEk5IsXA$tby6GrdDo2KfyVWCCANtw8BzlSCmYWdVZ5bDiSv3yfs=	\N	t	Ammar			admin@example.com	t	t	2026-01-21 03:27:15.816925+02
\.


--
-- Data for Name: auth_user_groups; Type: TABLE DATA; Schema: public; Owner: postgres
--

COPY public.auth_user_groups (id, user_id, group_id) FROM stdin;
\.


--
-- Data for Name: auth_user_user_permissions; Type: TABLE DATA; Schema: public; Owner: postgres
--

COPY public.auth_user_user_permissions (id, user_id, permission_id) FROM stdin;
\.


--
-- Data for Name: django_admin_log; Type: TABLE DATA; Schema: public; Owner: postgres
--

COPY public.django_admin_log (id, action_time, object_id, object_repr, action_flag, change_message, content_type_id, user_id) FROM stdin;
\.


--
-- Data for Name: django_content_type; Type: TABLE DATA; Schema: public; Owner: postgres
--

COPY public.django_content_type (id, app_label, model) FROM stdin;
1	admin	logentry
2	auth	permission
3	auth	group
4	auth	user
5	contenttypes	contenttype
6	sessions	session
7	inventory_app	warehouse
8	inventory_app	location
9	inventory_app	container
10	inventory_app	product
11	inventory_app	order
12	inventory_app	productreturn
13	inventory_app	auditlog
14	inventory_app	userprofile
15	inventory_app	securebackup
16	inventory_app	useractivitylog
\.


--
-- Data for Name: django_migrations; Type: TABLE DATA; Schema: public; Owner: postgres
--

COPY public.django_migrations (id, app, name, applied) FROM stdin;
1	contenttypes	0001_initial	2025-11-23 06:34:11.235686+02
2	auth	0001_initial	2025-11-23 06:34:11.424675+02
3	admin	0001_initial	2025-11-23 06:34:11.483451+02
4	admin	0002_logentry_remove_auto_add	2025-11-23 06:34:11.502447+02
5	admin	0003_logentry_add_action_flag_choices	2025-11-23 06:34:11.526152+02
6	contenttypes	0002_remove_content_type_name	2025-11-23 06:34:11.562645+02
7	auth	0002_alter_permission_name_max_length	2025-11-23 06:34:11.585785+02
8	auth	0003_alter_user_email_max_length	2025-11-23 06:34:11.613904+02
9	auth	0004_alter_user_username_opts	2025-11-23 06:34:11.638333+02
10	auth	0005_alter_user_last_login_null	2025-11-23 06:34:11.661654+02
11	auth	0006_require_contenttypes_0002	2025-11-23 06:34:11.669438+02
12	auth	0007_alter_validators_add_error_messages	2025-11-23 06:34:11.696433+02
13	auth	0008_alter_user_username_max_length	2025-11-23 06:34:11.737051+02
14	auth	0009_alter_user_last_name_max_length	2025-11-23 06:34:11.768946+02
15	auth	0010_alter_group_name_max_length	2025-11-23 06:34:11.799944+02
16	auth	0011_update_proxy_permissions	2025-11-23 06:34:11.829351+02
17	auth	0012_alter_user_first_name_max_length	2025-11-23 06:34:11.8581+02
18	inventory_app	0001_initial	2025-11-23 06:34:12.04752+02
19	inventory_app	0002_dailyreportarchive	2025-11-23 06:34:12.077893+02
20	inventory_app	0003_add_performance_indexes	2025-11-23 06:34:12.227103+02
21	inventory_app	0004_dailyreportarchive_is_auto_saved	2025-11-23 06:34:12.248635+02
22	inventory_app	0005_order	2025-11-23 06:34:12.292685+02
23	inventory_app	0006_order_recipient_name	2025-11-23 06:34:12.303543+02
24	inventory_app	0007_userprofile_useractivitylog	2025-11-23 06:34:12.443835+02
25	inventory_app	0008_productreturn	2025-11-23 06:34:12.481065+02
26	sessions	0001_initial	2025-11-23 06:34:12.509853+02
27	inventory_app	0009_product_carton_count_product_qty_per_carton	2026-01-20 23:04:45.956331+02
28	inventory_app	0010_product_barcode_product_dozens_per_carton_and_more	2026-01-20 23:04:45.996055+02
29	inventory_app	0011_container_product_barcode_product_dozens_per_carton_and_more	2026-01-20 23:04:46.091052+02
30	inventory_app	0013_product_original_quantity	2026-01-20 23:04:46.116921+02
31	inventory_app	0014_fix_order_id_sequence	2026-01-20 23:04:46.160157+02
32	inventory_app	0015_remove_product_original_quantity	2026-01-20 23:04:46.187427+02
33	inventory_app	0016_alter_auditlog_product_setnull	2026-01-20 23:04:46.306976+02
34	inventory_app	0017_auditlog_product_snapshot	2026-01-20 23:04:46.319033+02
35	inventory_app	0019_dailyreport_counts	2026-01-20 23:04:46.336192+02
36	inventory_app	0020_delete_dailyreportarchive	2026-01-20 23:04:46.351789+02
37	inventory_app	0021_client_product_barcode_product_dozens_per_carton_and_more	2026-01-20 23:04:46.425888+02
38	inventory_app	0022_person_product_barcode_product_dozens_per_carton_and_more	2026-01-20 23:04:46.467385+02
39	inventory_app	0023_remove_personimage_person_product_barcode_and_more	2026-01-20 23:04:46.578335+02
40	inventory_app	0024_product_colors	2026-01-21 02:12:07.715748+02
41	inventory_app	0025_aiinsightlog_remove_clientimage_client_and_more	2026-01-21 02:12:08.716534+02
42	inventory_app	0026_alter_auditlog_product	2026-01-21 02:12:08.778569+02
43	inventory_app	0027_remove_product_carton_count_and_more	2026-01-21 02:12:08.805879+02
44	inventory_app	0028_remove_product_pcs_per_dozen	2026-01-21 02:12:08.819619+02
45	inventory_app	0029_remove_product_dozens_per_carton	2026-01-21 02:12:08.90094+02
46	inventory_app	0030_alter_product_image	2026-01-21 02:12:08.915864+02
47	inventory_app	0031_alter_userprofile_user	2026-01-21 02:12:08.937133+02
48	inventory_app	0032_alter_userprofile_user_type	2026-01-21 02:12:08.958242+02
49	inventory_app	0033_securebackup_delete_aiinsightlog_and_more	2026-01-21 02:12:09.000906+02
\.


--
-- Data for Name: django_session; Type: TABLE DATA; Schema: public; Owner: postgres
--

COPY public.django_session (session_key, session_data, expire_date) FROM stdin;
y4isgtd9swy6t1mnhx2hd0z63xh66b9o	e30:1viN1Y:mmTXjYPRGkfbeT0SC6cav4ZnHe5r5LU-lHJF6ZX-qHE	2026-01-21 04:28:44.859316+02
\.


--
-- Data for Name: inventory_app_auditlog; Type: TABLE DATA; Schema: public; Owner: postgres
--

COPY public.inventory_app_auditlog (id, action, product_number, quantity_before, quantity_after, quantity_change, notes, "user", created_at, product_id, product_snapshot) FROM stdin;
\.


--
-- Data for Name: inventory_app_container; Type: TABLE DATA; Schema: public; Owner: postgres
--

COPY public.inventory_app_container (id, name, description, color, created_at) FROM stdin;
\.


--
-- Data for Name: inventory_app_location; Type: TABLE DATA; Schema: public; Owner: postgres
--

COPY public.inventory_app_location (id, "row", "column", notes, is_active, warehouse_id) FROM stdin;
\.


--
-- Data for Name: inventory_app_order; Type: TABLE DATA; Schema: public; Owner: postgres
--

COPY public.inventory_app_order (id, order_number, products_data, total_products, total_quantities, notes, "user", created_at, recipient_name) FROM stdin;
\.


--
-- Data for Name: inventory_app_product; Type: TABLE DATA; Schema: public; Owner: postgres
--

COPY public.inventory_app_product (id, product_number, name, category, description, quantity, created_at, updated_at, location_id, image, container_id, barcode, image_url, min_stock_threshold, price, store_quantity, warehouse_quantity, colors) FROM stdin;
\.


--
-- Data for Name: inventory_app_productreturn; Type: TABLE DATA; Schema: public; Owner: postgres
--

COPY public.inventory_app_productreturn (id, return_number, products_data, total_products, total_quantities, return_reason, returned_by, notes, "user", created_at) FROM stdin;
\.


--
-- Data for Name: inventory_app_securebackup; Type: TABLE DATA; Schema: public; Owner: postgres
--

COPY public.inventory_app_securebackup (id, table_name, record_id, backup_data, action, "timestamp", hash_signature) FROM stdin;
\.


--
-- Data for Name: inventory_app_useractivitylog; Type: TABLE DATA; Schema: public; Owner: postgres
--

COPY public.inventory_app_useractivitylog (id, action, description, object_type, object_id, object_name, details, ip_address, user_agent, location, url, created_at, user_id) FROM stdin;
\.


--
-- Data for Name: inventory_app_userprofile; Type: TABLE DATA; Schema: public; Owner: postgres
--

COPY public.inventory_app_userprofile (id, user_type, phone, notes, is_active, created_at, last_activity, last_login_ip, user_id) FROM stdin;
\.


--
-- Data for Name: inventory_app_warehouse; Type: TABLE DATA; Schema: public; Owner: postgres
--

COPY public.inventory_app_warehouse (id, name, description, rows_count, columns_count, created_at) FROM stdin;
\.


--
-- Name: auth_group_id_seq; Type: SEQUENCE SET; Schema: public; Owner: postgres
--

SELECT pg_catalog.setval('public.auth_group_id_seq', 1, false);


--
-- Name: auth_group_permissions_id_seq; Type: SEQUENCE SET; Schema: public; Owner: postgres
--

SELECT pg_catalog.setval('public.auth_group_permissions_id_seq', 1, false);


--
-- Name: auth_permission_id_seq; Type: SEQUENCE SET; Schema: public; Owner: postgres
--

SELECT pg_catalog.setval('public.auth_permission_id_seq', 64, true);


--
-- Name: auth_user_groups_id_seq; Type: SEQUENCE SET; Schema: public; Owner: postgres
--

SELECT pg_catalog.setval('public.auth_user_groups_id_seq', 1, false);


--
-- Name: auth_user_id_seq; Type: SEQUENCE SET; Schema: public; Owner: postgres
--

SELECT pg_catalog.setval('public.auth_user_id_seq', 1, true);


--
-- Name: auth_user_user_permissions_id_seq; Type: SEQUENCE SET; Schema: public; Owner: postgres
--

SELECT pg_catalog.setval('public.auth_user_user_permissions_id_seq', 1, false);


--
-- Name: django_admin_log_id_seq; Type: SEQUENCE SET; Schema: public; Owner: postgres
--

SELECT pg_catalog.setval('public.django_admin_log_id_seq', 1, false);


--
-- Name: django_content_type_id_seq; Type: SEQUENCE SET; Schema: public; Owner: postgres
--

SELECT pg_catalog.setval('public.django_content_type_id_seq', 16, true);


--
-- Name: django_migrations_id_seq; Type: SEQUENCE SET; Schema: public; Owner: postgres
--

SELECT pg_catalog.setval('public.django_migrations_id_seq', 49, true);


--
-- Name: inventory_app_auditlog_id_seq; Type: SEQUENCE SET; Schema: public; Owner: postgres
--

SELECT pg_catalog.setval('public.inventory_app_auditlog_id_seq', 1, false);


--
-- Name: inventory_app_container_id_seq; Type: SEQUENCE SET; Schema: public; Owner: postgres
--

SELECT pg_catalog.setval('public.inventory_app_container_id_seq', 1, false);


--
-- Name: inventory_app_location_id_seq; Type: SEQUENCE SET; Schema: public; Owner: postgres
--

SELECT pg_catalog.setval('public.inventory_app_location_id_seq', 1, false);


--
-- Name: inventory_app_order_id_seq; Type: SEQUENCE SET; Schema: public; Owner: postgres
--

SELECT pg_catalog.setval('public.inventory_app_order_id_seq', 1, false);


--
-- Name: inventory_app_product_id_seq; Type: SEQUENCE SET; Schema: public; Owner: postgres
--

SELECT pg_catalog.setval('public.inventory_app_product_id_seq', 1, false);


--
-- Name: inventory_app_productreturn_id_seq; Type: SEQUENCE SET; Schema: public; Owner: postgres
--

SELECT pg_catalog.setval('public.inventory_app_productreturn_id_seq', 1, false);


--
-- Name: inventory_app_securebackup_id_seq; Type: SEQUENCE SET; Schema: public; Owner: postgres
--

SELECT pg_catalog.setval('public.inventory_app_securebackup_id_seq', 1, false);


--
-- Name: inventory_app_useractivitylog_id_seq; Type: SEQUENCE SET; Schema: public; Owner: postgres
--

SELECT pg_catalog.setval('public.inventory_app_useractivitylog_id_seq', 1, false);


--
-- Name: inventory_app_userprofile_id_seq; Type: SEQUENCE SET; Schema: public; Owner: postgres
--

SELECT pg_catalog.setval('public.inventory_app_userprofile_id_seq', 1, false);


--
-- Name: inventory_app_warehouse_id_seq; Type: SEQUENCE SET; Schema: public; Owner: postgres
--

SELECT pg_catalog.setval('public.inventory_app_warehouse_id_seq', 1, false);


--
-- Name: auth_group auth_group_name_key; Type: CONSTRAINT; Schema: public; Owner: postgres
--

ALTER TABLE ONLY public.auth_group
    ADD CONSTRAINT auth_group_name_key UNIQUE (name);


--
-- Name: auth_group_permissions auth_group_permissions_group_id_permission_id_0cd325b0_uniq; Type: CONSTRAINT; Schema: public; Owner: postgres
--

ALTER TABLE ONLY public.auth_group_permissions
    ADD CONSTRAINT auth_group_permissions_group_id_permission_id_0cd325b0_uniq UNIQUE (group_id, permission_id);


--
-- Name: auth_group_permissions auth_group_permissions_pkey; Type: CONSTRAINT; Schema: public; Owner: postgres
--

ALTER TABLE ONLY public.auth_group_permissions
    ADD CONSTRAINT auth_group_permissions_pkey PRIMARY KEY (id);


--
-- Name: auth_group auth_group_pkey; Type: CONSTRAINT; Schema: public; Owner: postgres
--

ALTER TABLE ONLY public.auth_group
    ADD CONSTRAINT auth_group_pkey PRIMARY KEY (id);


--
-- Name: auth_permission auth_permission_content_type_id_codename_01ab375a_uniq; Type: CONSTRAINT; Schema: public; Owner: postgres
--

ALTER TABLE ONLY public.auth_permission
    ADD CONSTRAINT auth_permission_content_type_id_codename_01ab375a_uniq UNIQUE (content_type_id, codename);


--
-- Name: auth_permission auth_permission_pkey; Type: CONSTRAINT; Schema: public; Owner: postgres
--

ALTER TABLE ONLY public.auth_permission
    ADD CONSTRAINT auth_permission_pkey PRIMARY KEY (id);


--
-- Name: auth_user_groups auth_user_groups_pkey; Type: CONSTRAINT; Schema: public; Owner: postgres
--

ALTER TABLE ONLY public.auth_user_groups
    ADD CONSTRAINT auth_user_groups_pkey PRIMARY KEY (id);


--
-- Name: auth_user_groups auth_user_groups_user_id_group_id_94350c0c_uniq; Type: CONSTRAINT; Schema: public; Owner: postgres
--

ALTER TABLE ONLY public.auth_user_groups
    ADD CONSTRAINT auth_user_groups_user_id_group_id_94350c0c_uniq UNIQUE (user_id, group_id);


--
-- Name: auth_user auth_user_pkey; Type: CONSTRAINT; Schema: public; Owner: postgres
--

ALTER TABLE ONLY public.auth_user
    ADD CONSTRAINT auth_user_pkey PRIMARY KEY (id);


--
-- Name: auth_user_user_permissions auth_user_user_permissions_pkey; Type: CONSTRAINT; Schema: public; Owner: postgres
--

ALTER TABLE ONLY public.auth_user_user_permissions
    ADD CONSTRAINT auth_user_user_permissions_pkey PRIMARY KEY (id);


--
-- Name: auth_user_user_permissions auth_user_user_permissions_user_id_permission_id_14a6b632_uniq; Type: CONSTRAINT; Schema: public; Owner: postgres
--

ALTER TABLE ONLY public.auth_user_user_permissions
    ADD CONSTRAINT auth_user_user_permissions_user_id_permission_id_14a6b632_uniq UNIQUE (user_id, permission_id);


--
-- Name: auth_user auth_user_username_key; Type: CONSTRAINT; Schema: public; Owner: postgres
--

ALTER TABLE ONLY public.auth_user
    ADD CONSTRAINT auth_user_username_key UNIQUE (username);


--
-- Name: django_admin_log django_admin_log_pkey; Type: CONSTRAINT; Schema: public; Owner: postgres
--

ALTER TABLE ONLY public.django_admin_log
    ADD CONSTRAINT django_admin_log_pkey PRIMARY KEY (id);


--
-- Name: django_content_type django_content_type_app_label_model_76bd3d3b_uniq; Type: CONSTRAINT; Schema: public; Owner: postgres
--

ALTER TABLE ONLY public.django_content_type
    ADD CONSTRAINT django_content_type_app_label_model_76bd3d3b_uniq UNIQUE (app_label, model);


--
-- Name: django_content_type django_content_type_pkey; Type: CONSTRAINT; Schema: public; Owner: postgres
--

ALTER TABLE ONLY public.django_content_type
    ADD CONSTRAINT django_content_type_pkey PRIMARY KEY (id);


--
-- Name: django_migrations django_migrations_pkey; Type: CONSTRAINT; Schema: public; Owner: postgres
--

ALTER TABLE ONLY public.django_migrations
    ADD CONSTRAINT django_migrations_pkey PRIMARY KEY (id);


--
-- Name: django_session django_session_pkey; Type: CONSTRAINT; Schema: public; Owner: postgres
--

ALTER TABLE ONLY public.django_session
    ADD CONSTRAINT django_session_pkey PRIMARY KEY (session_key);


--
-- Name: inventory_app_auditlog inventory_app_auditlog_pkey; Type: CONSTRAINT; Schema: public; Owner: postgres
--

ALTER TABLE ONLY public.inventory_app_auditlog
    ADD CONSTRAINT inventory_app_auditlog_pkey PRIMARY KEY (id);


--
-- Name: inventory_app_container inventory_app_container_name_key; Type: CONSTRAINT; Schema: public; Owner: postgres
--

ALTER TABLE ONLY public.inventory_app_container
    ADD CONSTRAINT inventory_app_container_name_key UNIQUE (name);


--
-- Name: inventory_app_container inventory_app_container_pkey; Type: CONSTRAINT; Schema: public; Owner: postgres
--

ALTER TABLE ONLY public.inventory_app_container
    ADD CONSTRAINT inventory_app_container_pkey PRIMARY KEY (id);


--
-- Name: inventory_app_location inventory_app_location_pkey; Type: CONSTRAINT; Schema: public; Owner: postgres
--

ALTER TABLE ONLY public.inventory_app_location
    ADD CONSTRAINT inventory_app_location_pkey PRIMARY KEY (id);


--
-- Name: inventory_app_location inventory_app_location_warehouse_id_row_column_ca369c56_uniq; Type: CONSTRAINT; Schema: public; Owner: postgres
--

ALTER TABLE ONLY public.inventory_app_location
    ADD CONSTRAINT inventory_app_location_warehouse_id_row_column_ca369c56_uniq UNIQUE (warehouse_id, "row", "column");


--
-- Name: inventory_app_order inventory_app_order_order_number_key; Type: CONSTRAINT; Schema: public; Owner: postgres
--

ALTER TABLE ONLY public.inventory_app_order
    ADD CONSTRAINT inventory_app_order_order_number_key UNIQUE (order_number);


--
-- Name: inventory_app_order inventory_app_order_pkey; Type: CONSTRAINT; Schema: public; Owner: postgres
--

ALTER TABLE ONLY public.inventory_app_order
    ADD CONSTRAINT inventory_app_order_pkey PRIMARY KEY (id);


--
-- Name: inventory_app_product inventory_app_product_pkey; Type: CONSTRAINT; Schema: public; Owner: postgres
--

ALTER TABLE ONLY public.inventory_app_product
    ADD CONSTRAINT inventory_app_product_pkey PRIMARY KEY (id);


--
-- Name: inventory_app_product inventory_app_product_product_number_key; Type: CONSTRAINT; Schema: public; Owner: postgres
--

ALTER TABLE ONLY public.inventory_app_product
    ADD CONSTRAINT inventory_app_product_product_number_key UNIQUE (product_number);


--
-- Name: inventory_app_productreturn inventory_app_productreturn_pkey; Type: CONSTRAINT; Schema: public; Owner: postgres
--

ALTER TABLE ONLY public.inventory_app_productreturn
    ADD CONSTRAINT inventory_app_productreturn_pkey PRIMARY KEY (id);


--
-- Name: inventory_app_productreturn inventory_app_productreturn_return_number_key; Type: CONSTRAINT; Schema: public; Owner: postgres
--

ALTER TABLE ONLY public.inventory_app_productreturn
    ADD CONSTRAINT inventory_app_productreturn_return_number_key UNIQUE (return_number);


--
-- Name: inventory_app_securebackup inventory_app_securebackup_pkey; Type: CONSTRAINT; Schema: public; Owner: postgres
--

ALTER TABLE ONLY public.inventory_app_securebackup
    ADD CONSTRAINT inventory_app_securebackup_pkey PRIMARY KEY (id);


--
-- Name: inventory_app_useractivitylog inventory_app_useractivitylog_pkey; Type: CONSTRAINT; Schema: public; Owner: postgres
--

ALTER TABLE ONLY public.inventory_app_useractivitylog
    ADD CONSTRAINT inventory_app_useractivitylog_pkey PRIMARY KEY (id);


--
-- Name: inventory_app_userprofile inventory_app_userprofile_pkey; Type: CONSTRAINT; Schema: public; Owner: postgres
--

ALTER TABLE ONLY public.inventory_app_userprofile
    ADD CONSTRAINT inventory_app_userprofile_pkey PRIMARY KEY (id);


--
-- Name: inventory_app_userprofile inventory_app_userprofile_user_id_key; Type: CONSTRAINT; Schema: public; Owner: postgres
--

ALTER TABLE ONLY public.inventory_app_userprofile
    ADD CONSTRAINT inventory_app_userprofile_user_id_key UNIQUE (user_id);


--
-- Name: inventory_app_warehouse inventory_app_warehouse_pkey; Type: CONSTRAINT; Schema: public; Owner: postgres
--

ALTER TABLE ONLY public.inventory_app_warehouse
    ADD CONSTRAINT inventory_app_warehouse_pkey PRIMARY KEY (id);


--
-- Name: auth_group_name_a6ea08ec_like; Type: INDEX; Schema: public; Owner: postgres
--

CREATE INDEX auth_group_name_a6ea08ec_like ON public.auth_group USING btree (name varchar_pattern_ops);


--
-- Name: auth_group_permissions_group_id_b120cbf9; Type: INDEX; Schema: public; Owner: postgres
--

CREATE INDEX auth_group_permissions_group_id_b120cbf9 ON public.auth_group_permissions USING btree (group_id);


--
-- Name: auth_group_permissions_permission_id_84c5c92e; Type: INDEX; Schema: public; Owner: postgres
--

CREATE INDEX auth_group_permissions_permission_id_84c5c92e ON public.auth_group_permissions USING btree (permission_id);


--
-- Name: auth_permission_content_type_id_2f476e4b; Type: INDEX; Schema: public; Owner: postgres
--

CREATE INDEX auth_permission_content_type_id_2f476e4b ON public.auth_permission USING btree (content_type_id);


--
-- Name: auth_user_groups_group_id_97559544; Type: INDEX; Schema: public; Owner: postgres
--

CREATE INDEX auth_user_groups_group_id_97559544 ON public.auth_user_groups USING btree (group_id);


--
-- Name: auth_user_groups_user_id_6a12ed8b; Type: INDEX; Schema: public; Owner: postgres
--

CREATE INDEX auth_user_groups_user_id_6a12ed8b ON public.auth_user_groups USING btree (user_id);


--
-- Name: auth_user_user_permissions_permission_id_1fbb5f2c; Type: INDEX; Schema: public; Owner: postgres
--

CREATE INDEX auth_user_user_permissions_permission_id_1fbb5f2c ON public.auth_user_user_permissions USING btree (permission_id);


--
-- Name: auth_user_user_permissions_user_id_a95ead1b; Type: INDEX; Schema: public; Owner: postgres
--

CREATE INDEX auth_user_user_permissions_user_id_a95ead1b ON public.auth_user_user_permissions USING btree (user_id);


--
-- Name: auth_user_username_6821ab7c_like; Type: INDEX; Schema: public; Owner: postgres
--

CREATE INDEX auth_user_username_6821ab7c_like ON public.auth_user USING btree (username varchar_pattern_ops);


--
-- Name: django_admin_log_content_type_id_c4bce8eb; Type: INDEX; Schema: public; Owner: postgres
--

CREATE INDEX django_admin_log_content_type_id_c4bce8eb ON public.django_admin_log USING btree (content_type_id);


--
-- Name: django_admin_log_user_id_c564eba6; Type: INDEX; Schema: public; Owner: postgres
--

CREATE INDEX django_admin_log_user_id_c564eba6 ON public.django_admin_log USING btree (user_id);


--
-- Name: django_session_expire_date_a5c62663; Type: INDEX; Schema: public; Owner: postgres
--

CREATE INDEX django_session_expire_date_a5c62663 ON public.django_session USING btree (expire_date);


--
-- Name: django_session_session_key_c0390e0f_like; Type: INDEX; Schema: public; Owner: postgres
--

CREATE INDEX django_session_session_key_c0390e0f_like ON public.django_session USING btree (session_key varchar_pattern_ops);


--
-- Name: inventory_a_table_n_66062c_idx; Type: INDEX; Schema: public; Owner: postgres
--

CREATE INDEX inventory_a_table_n_66062c_idx ON public.inventory_app_securebackup USING btree (table_name, record_id);


--
-- Name: inventory_a_timesta_fa4ee8_idx; Type: INDEX; Schema: public; Owner: postgres
--

CREATE INDEX inventory_a_timesta_fa4ee8_idx ON public.inventory_app_securebackup USING btree ("timestamp");


--
-- Name: inventory_app_auditlog_product_id_378f4194; Type: INDEX; Schema: public; Owner: postgres
--

CREATE INDEX inventory_app_auditlog_product_id_378f4194 ON public.inventory_app_auditlog USING btree (product_id);


--
-- Name: inventory_app_container_name_523727c9_like; Type: INDEX; Schema: public; Owner: postgres
--

CREATE INDEX inventory_app_container_name_523727c9_like ON public.inventory_app_container USING btree (name varchar_pattern_ops);


--
-- Name: inventory_app_location_warehouse_id_a14fdbeb; Type: INDEX; Schema: public; Owner: postgres
--

CREATE INDEX inventory_app_location_warehouse_id_a14fdbeb ON public.inventory_app_location USING btree (warehouse_id);


--
-- Name: inventory_app_order_order_number_87f6ea2c_like; Type: INDEX; Schema: public; Owner: postgres
--

CREATE INDEX inventory_app_order_order_number_87f6ea2c_like ON public.inventory_app_order USING btree (order_number varchar_pattern_ops);


--
-- Name: inventory_app_product_container_id_9c75e10b; Type: INDEX; Schema: public; Owner: postgres
--

CREATE INDEX inventory_app_product_container_id_9c75e10b ON public.inventory_app_product USING btree (container_id);


--
-- Name: inventory_app_product_location_id_cf90742d; Type: INDEX; Schema: public; Owner: postgres
--

CREATE INDEX inventory_app_product_location_id_cf90742d ON public.inventory_app_product USING btree (location_id);


--
-- Name: inventory_app_product_product_number_1607377f_like; Type: INDEX; Schema: public; Owner: postgres
--

CREATE INDEX inventory_app_product_product_number_1607377f_like ON public.inventory_app_product USING btree (product_number varchar_pattern_ops);


--
-- Name: inventory_app_productreturn_return_number_9ab2a4be_like; Type: INDEX; Schema: public; Owner: postgres
--

CREATE INDEX inventory_app_productreturn_return_number_9ab2a4be_like ON public.inventory_app_productreturn USING btree (return_number varchar_pattern_ops);


--
-- Name: inventory_app_useractivitylog_user_id_d5e0acb9; Type: INDEX; Schema: public; Owner: postgres
--

CREATE INDEX inventory_app_useractivitylog_user_id_d5e0acb9 ON public.inventory_app_useractivitylog USING btree (user_id);


--
-- Name: inventory_app_warehouse_created_at_e9be52fa; Type: INDEX; Schema: public; Owner: postgres
--

CREATE INDEX inventory_app_warehouse_created_at_e9be52fa ON public.inventory_app_warehouse USING btree (created_at);


--
-- Name: inventory_app_auditlog auditlog_product_fk; Type: FK CONSTRAINT; Schema: public; Owner: postgres
--

ALTER TABLE ONLY public.inventory_app_auditlog
    ADD CONSTRAINT auditlog_product_fk FOREIGN KEY (product_id) REFERENCES public.inventory_app_product(id) ON DELETE SET NULL;


--
-- Name: auth_group_permissions auth_group_permissio_permission_id_84c5c92e_fk_auth_perm; Type: FK CONSTRAINT; Schema: public; Owner: postgres
--

ALTER TABLE ONLY public.auth_group_permissions
    ADD CONSTRAINT auth_group_permissio_permission_id_84c5c92e_fk_auth_perm FOREIGN KEY (permission_id) REFERENCES public.auth_permission(id) DEFERRABLE INITIALLY DEFERRED;


--
-- Name: auth_group_permissions auth_group_permissions_group_id_b120cbf9_fk_auth_group_id; Type: FK CONSTRAINT; Schema: public; Owner: postgres
--

ALTER TABLE ONLY public.auth_group_permissions
    ADD CONSTRAINT auth_group_permissions_group_id_b120cbf9_fk_auth_group_id FOREIGN KEY (group_id) REFERENCES public.auth_group(id) DEFERRABLE INITIALLY DEFERRED;


--
-- Name: auth_permission auth_permission_content_type_id_2f476e4b_fk_django_co; Type: FK CONSTRAINT; Schema: public; Owner: postgres
--

ALTER TABLE ONLY public.auth_permission
    ADD CONSTRAINT auth_permission_content_type_id_2f476e4b_fk_django_co FOREIGN KEY (content_type_id) REFERENCES public.django_content_type(id) DEFERRABLE INITIALLY DEFERRED;


--
-- Name: auth_user_groups auth_user_groups_group_id_97559544_fk_auth_group_id; Type: FK CONSTRAINT; Schema: public; Owner: postgres
--

ALTER TABLE ONLY public.auth_user_groups
    ADD CONSTRAINT auth_user_groups_group_id_97559544_fk_auth_group_id FOREIGN KEY (group_id) REFERENCES public.auth_group(id) DEFERRABLE INITIALLY DEFERRED;


--
-- Name: auth_user_groups auth_user_groups_user_id_6a12ed8b_fk_auth_user_id; Type: FK CONSTRAINT; Schema: public; Owner: postgres
--

ALTER TABLE ONLY public.auth_user_groups
    ADD CONSTRAINT auth_user_groups_user_id_6a12ed8b_fk_auth_user_id FOREIGN KEY (user_id) REFERENCES public.auth_user(id) DEFERRABLE INITIALLY DEFERRED;


--
-- Name: auth_user_user_permissions auth_user_user_permi_permission_id_1fbb5f2c_fk_auth_perm; Type: FK CONSTRAINT; Schema: public; Owner: postgres
--

ALTER TABLE ONLY public.auth_user_user_permissions
    ADD CONSTRAINT auth_user_user_permi_permission_id_1fbb5f2c_fk_auth_perm FOREIGN KEY (permission_id) REFERENCES public.auth_permission(id) DEFERRABLE INITIALLY DEFERRED;


--
-- Name: auth_user_user_permissions auth_user_user_permissions_user_id_a95ead1b_fk_auth_user_id; Type: FK CONSTRAINT; Schema: public; Owner: postgres
--

ALTER TABLE ONLY public.auth_user_user_permissions
    ADD CONSTRAINT auth_user_user_permissions_user_id_a95ead1b_fk_auth_user_id FOREIGN KEY (user_id) REFERENCES public.auth_user(id) DEFERRABLE INITIALLY DEFERRED;


--
-- Name: django_admin_log django_admin_log_content_type_id_c4bce8eb_fk_django_co; Type: FK CONSTRAINT; Schema: public; Owner: postgres
--

ALTER TABLE ONLY public.django_admin_log
    ADD CONSTRAINT django_admin_log_content_type_id_c4bce8eb_fk_django_co FOREIGN KEY (content_type_id) REFERENCES public.django_content_type(id) DEFERRABLE INITIALLY DEFERRED;


--
-- Name: django_admin_log django_admin_log_user_id_c564eba6_fk_auth_user_id; Type: FK CONSTRAINT; Schema: public; Owner: postgres
--

ALTER TABLE ONLY public.django_admin_log
    ADD CONSTRAINT django_admin_log_user_id_c564eba6_fk_auth_user_id FOREIGN KEY (user_id) REFERENCES public.auth_user(id) DEFERRABLE INITIALLY DEFERRED;


--
-- Name: inventory_app_location inventory_app_locati_warehouse_id_a14fdbeb_fk_inventory; Type: FK CONSTRAINT; Schema: public; Owner: postgres
--

ALTER TABLE ONLY public.inventory_app_location
    ADD CONSTRAINT inventory_app_locati_warehouse_id_a14fdbeb_fk_inventory FOREIGN KEY (warehouse_id) REFERENCES public.inventory_app_warehouse(id) DEFERRABLE INITIALLY DEFERRED;


--
-- Name: inventory_app_product inventory_app_produc_container_id_9c75e10b_fk_inventory; Type: FK CONSTRAINT; Schema: public; Owner: postgres
--

ALTER TABLE ONLY public.inventory_app_product
    ADD CONSTRAINT inventory_app_produc_container_id_9c75e10b_fk_inventory FOREIGN KEY (container_id) REFERENCES public.inventory_app_container(id) DEFERRABLE INITIALLY DEFERRED;


--
-- Name: inventory_app_product inventory_app_produc_location_id_cf90742d_fk_inventory; Type: FK CONSTRAINT; Schema: public; Owner: postgres
--

ALTER TABLE ONLY public.inventory_app_product
    ADD CONSTRAINT inventory_app_produc_location_id_cf90742d_fk_inventory FOREIGN KEY (location_id) REFERENCES public.inventory_app_location(id) DEFERRABLE INITIALLY DEFERRED;


--
-- Name: inventory_app_useractivitylog inventory_app_useractivitylog_user_id_d5e0acb9_fk_auth_user_id; Type: FK CONSTRAINT; Schema: public; Owner: postgres
--

ALTER TABLE ONLY public.inventory_app_useractivitylog
    ADD CONSTRAINT inventory_app_useractivitylog_user_id_d5e0acb9_fk_auth_user_id FOREIGN KEY (user_id) REFERENCES public.auth_user(id) DEFERRABLE INITIALLY DEFERRED;


--
-- Name: inventory_app_userprofile inventory_app_userprofile_user_id_f8798e91_fk_auth_user_id; Type: FK CONSTRAINT; Schema: public; Owner: postgres
--

ALTER TABLE ONLY public.inventory_app_userprofile
    ADD CONSTRAINT inventory_app_userprofile_user_id_f8798e91_fk_auth_user_id FOREIGN KEY (user_id) REFERENCES public.auth_user(id) DEFERRABLE INITIALLY DEFERRED;


--
-- PostgreSQL database dump complete
--

